Email,First Name,Last Name,Verified
member1@example.com,FirstName1,LastName1,False
member2@example.com,FirstName2,LastName2,False
member3@example.com,FirstName3,LastName3,False
member4@example.com,FirstName4,LastName4,False
member5@example.com,FirstName5,LastName5,False
member6@example.com,FirstName6,LastName6,False
member7@example.com,FirstName7,LastName7,False
member8@example.com,FirstName8,LastName8,False
member9@example.com,FirstName9,LastName9,False
member10@example.com,FirstName10,LastName10,False
member11@example.com,FirstName11,LastName11,False
member12@example.com,FirstName12,LastName12,False
member13@example.com,FirstName13,LastName13,False
member14@example.com,FirstName14,LastName14,False
member15@example.com,FirstName15,LastName15,True
member16@example.com,FirstName16,LastName16,False
member17@example.com,FirstName17,LastName17,False
member18@example.com,FirstName18,LastName18,False
member19@example.com,FirstName19,LastName19,False
member20@example.com,FirstName20,LastName20,False
member21@example.com,FirstName21,LastName21,False
member22@example.com,FirstName22,LastName22,False
member23@example.com,FirstName23,LastName23,False
member24@example.com,FirstName24,LastName24,False
member25@example.com,FirstName25,LastName25,False
member26@example.com,FirstName26,LastName26,False
member27@example.com,FirstName27,LastName27,False
member28@example.com,FirstName28,LastName28,False
member29@example.com,FirstName29,LastName29,False
member30@example.com,FirstName30,LastName30,False
